<?xml version="1.0" encoding="UTF-8"?>
<!-- $Id: dbfiles-app.xml 4604 2011-10-22 18:20:35Z fredt $ -->
<!DOCTYPE book [
<!ENTITY % dummy22 SYSTEM "../entities/global.ent">
%dummy22;
]>
<appendix version="5.0" xml:id="dbfiles-app"
          xmlns="http://docbook.org/ns/docbook"
          xmlns:xlink="http://www.w3.org/1999/xlink"
          xmlns:xi="http://www.w3.org/2001/XInclude"
          xmlns:ns5="http://www.w3.org/2000/svg"
          xmlns:ns4="http://www.w3.org/1998/Math/MathML"
          xmlns:ns3="http://www.w3.org/1999/xhtml"
          xmlns:ns="http://docbook.org/ns/docbook">
  <info>
    <title xml:id="db-title">Hsqldb Database Files and Recovery</title>

    <releaseinfo>$Revision: 4604 $</releaseinfo>

    <pubdate>&timestamp;</pubdate>

    <keywordset>
      <keyword>HSQLDB</keyword>

      <keyword>Data</keyword>

      <keyword>Files</keyword>
    </keywordset>
  </info>

  <section>
    <title>Database Files</title>

    <para>Database catalogs opened with the file: protocol are stored as a set
    of files. This document describes the contents of these files and how they
    are stored.</para>

    <para>A database named 'test' is used in this description. The database
    files will be as follows.</para>

    <variablelist>
      <title>Database Files</title>

      <varlistentry>
        <term>test.properties</term>

        <listitem>
          <para>Contains the entry 'modified'. If the entry 'modified' is set
          to 'yes' then the database is either running or was not closed
          correctly. When the database is properly shutdown, 'modified' is set
          to 'no'.</para>
        </listitem>
      </varlistentry>

      <varlistentry>
        <term>test.script</term>

        <listitem>
          <para>This file contains the SQL statements that makes up the
          database up to the last checkpoint - it is in sync with the contents
          of <filename>test.backup</filename>.</para>
        </listitem>
      </varlistentry>

      <varlistentry>
        <term>test.data</term>

        <listitem>
          <para>This file contains the binary data records for CACHED tables
          only.</para>
        </listitem>
      </varlistentry>

      <varlistentry>
        <term>test.backup</term>

        <listitem>
          <para>Depending on the backup mode, this file contains either the
          complete compressed backup of the <filename>test.data</filename>
          file at the time of last checkpoint, or a backup of the parts of the
          <filename>test.data</filename> that have been modified since the
          last checkpoint .</para>
        </listitem>
      </varlistentry>

      <varlistentry>
        <term>test.log</term>

        <listitem>
          <para>This file contains the extra SQL statements that have modified
          the database since the last checkpoint. It is used as a redo
          log.</para>
        </listitem>
      </varlistentry>

      <varlistentry>
        <term>test.lobs</term>

        <listitem>
          <para>This file contains the lobs. If a database has no BLOB or CLOB
          object, this file will not be present.</para>
        </listitem>
      </varlistentry>
    </variablelist>

    <para>A CHECKPOINT is an operations that saves all the changed data an
    removes the <filename>test.log</filename>. A SHUTDOWN is equivalent to a
    CHECKPOINT followed by closing the database.</para>
  </section>

  <section>
    <title>States</title>

    <para>Database is closed correctly</para>

    <itemizedlist>
      <title>State after running the <literal>SHUTDOWN</literal>
      statement</title>

      <listitem>
        <para>The <filename>test.data</filename> file is fully updated.</para>
      </listitem>

      <listitem>
        <para>Depending on the backup mode, the
        <filename>test.backup</filename> contains the full compressed
        <filename>test.data</filename> file, or there is no
        <filename>test.backup</filename> at all.</para>
      </listitem>

      <listitem>
        <para>The <filename>test.script</filename> contains all the metadata
        and CREATE TABLE and other DDL statements. It also contains the data
        for MEMORY tables.</para>
      </listitem>

      <listitem>
        <para>The <filename>test.properties</filename> contains the entry
        'modified' set to 'no'.</para>
      </listitem>

      <listitem>
        <para>There is no <filename>test.log</filename> file.</para>
      </listitem>
    </itemizedlist>

    <para>Database is closed correctly with SHUTDOWN SCRIPT</para>

    <itemizedlist>
      <title>State after running the <literal>SHUTDOWN SCRIPT</literal>
      statement</title>

      <listitem>
        <para>The <filename>test.data</filename> file does not exist; all
        CACHED table data is in the <filename>test.script</filename>
        file</para>
      </listitem>

      <listitem>
        <para>The <filename>test.backup</filename> does not exist.</para>
      </listitem>

      <listitem>
        <para>The <filename>test.script</filename> all the metadata and DDL
        statements, followed by the data for MEMORY, CACHED and TEXT
        tables.</para>
      </listitem>

      <listitem>
        <para>The <filename>test.properties</filename> contains the entry
        'modified' set to 'no'.</para>
      </listitem>

      <listitem>
        <para>There is no <filename>test.log</filename> file.</para>
      </listitem>
    </itemizedlist>

    <para>Database is aborted</para>

    <para>If the database process was terminated with a SHUTDOWN, or the
    SHUTDOWN IMMEDIATELY was used, the database is in aborted state.</para>

    <itemizedlist>
      <title>Aborted database state</title>

      <listitem>
        <para>The <filename>test.properties</filename> containes
        'modified=yes'.</para>
      </listitem>

      <listitem>
        <para>The <filename>test.script</filename> contains a snapshot of the
        database at the last checkpoint.</para>
      </listitem>

      <listitem>
        <para>The <filename>test.data</filename> file is not necessarily
        consistent.</para>
      </listitem>

      <listitem>
        <para>The <filename>test.backup</filename> file contains a snapshot of
        <filename>test.data</filename> that corresponds to
        <filename>test.script</filename> at the time of the last checkpoint,
        or just sections of the original
        <filename>test.data</filename>.</para>
      </listitem>

      <listitem>
        <para>The <filename>test.log</filename> file contain all data change
        statements executed since the checkpoint. As a result of abnormal
        termination, the end of file may be incomplete.</para>
      </listitem>
    </itemizedlist>
  </section>

  <section>
    <title>Procedures</title>

    <para>The database engine performs the following procedures internally in
    different circumstances.</para>

    <section>
      <title>Clean Shutdown</title>

      <procedure>
        <title>Clean Hsqldb database shutdown</title>

        <step>
          <para>The <filename>test.data</filename> file is written completely
          (all the modified cached table rows are witten out) and
          closed.</para>
        </step>

        <step>
          <para>Depending on the backup mode the
          <filename>test.backup.new</filename> is created which contains the
          compressed <filename>test.data</filename> file.</para>
        </step>

        <step>
          <para>The file <filename>test.script.new</filename> is created using
          the current state of the database.</para>
        </step>

        <step>
          <para>The entry 'modified' in the properties file is set to
          'yes-new-files'</para>
        </step>

        <step>
          <para>The file <filename>test.log</filename> is deleted</para>
        </step>

        <step>
          <para>The file <filename>test.script</filename> is deleted</para>
        </step>

        <step>
          <para>The file <filename>test.script.new</filename> is renamed to
          <filename>test.script</filename></para>
        </step>

        <step>
          <para>The file <filename>test.backup</filename> is deleted</para>
        </step>

        <step>
          <para>If the file <filename>test.backup.new</filename> exists, it is
          renamed to <filename>test.backup</filename></para>
        </step>

        <step>
          <para>The entry 'modified' in the properties file is set to
          'no'</para>
        </step>
      </procedure>
    </section>

    <section>
      <title>Startup</title>

      <procedure>
        <title>Opening the Database</title>

        <step>
          <para>Check if the database files are in use by checking a special
          <filename>test.lck</filename> file.</para>
        </step>

        <step>
          <para>See if the <filename>test.properties</filename> file exists,
          otherwise create it.</para>
        </step>

        <step>
          <para>If the <filename>test.script</filename> did not exist, then
          this is a new database. Create the empty
          <filename>test.log</filename> to append new commands.</para>
        </step>

        <step>
          <para>If it is an existing database, check in the
          <filename>test.properties</filename> file if 'modified=yes'. In this
          case the 'RESTORE' operatio is performed before the database is
          opened normally.</para>
        </step>

        <step>
          <para>Otherwise, if in the <filename>test.properties</filename> file
          'modified=yes-new-files', then the (old)
          <filename>test.backup</filename> and
          <filename>test.script</filename> files are deleted and the new
          <filename>test.script.new</filename> file is renamed to
          <filename>test.script</filename>.</para>
        </step>

        <step>
          <para>Open the <filename>test.script</filename> file and create the
          database objects.</para>
        </step>

        <step>
          <para>Create the empty <filename>test.log</filename> to append any
          data change statements.</para>
        </step>
      </procedure>
    </section>

    <section>
      <title>Restore</title>

      <para>The current <filename>test.data</filename> file is not necessarily
      consistent. The database engine takes these steps:</para>

      <procedure>
        <title>Restore a Database</title>

        <step>
          <para>Restore the old <filename>test.data</filename> file from the
          backup. Depending on the backup mode, uncompress the
          <filename>test.backup</filename> and overwrite
          <filename>test.data</filename>, or copy the original sections from
          the <filename>test.backup</filename> file.</para>
        </step>

        <step>
          <para>Execute all the statements in the
          <filename>test.script</filename> file.</para>
        </step>

        <step>
          <para>Execute all statements in the <filename>test.log</filename>
          file. If due to incomplete statements in this file an exception is
          thrown, the rest of the lines in the <filename>test.log</filename>
          file are ignored. This can be overridden with a database
          property.</para>
        </step>

        <step>
          <para>Close the database files, before opening the restored
          database.</para>
        </step>
      </procedure>
    </section>
  </section>
</appendix>
